Time,Distance in (cm)
20250207100357,Distance:205
20250207100358,Distance:205
20250207100359,Distance:205
20250207100400,Distance:205
20250207100401,Distance:205
20250207100402,Distance:192
20250207100403,Distance:190
20250207100404,Distance:204
20250207100405,Distance:191
20250207100406,Distance:205
20250207100407,Distance:205
20250207100408,Distance:204
20250207100409,Distance:205
20250207100410,Distance:204
20250207100411,Distance:205
20250207100412,Distance:205
20250207100413,Distance:205
20250207100414,Distance:205
20250207100415,Distance:192
20250207100416,Distance:204
20250207100417,Distance:204
20250207100418,Distance:192
20250207100419,Distance:191
20250207100420,Distance:204
20250207100421,Distance:191
20250207100422,Distance:192
20250207100423,Distance:189
20250207100424,Distance:180
20250207100425,Distance:183
20250207100426,Distance:183
20250207100427,Distance:183
20250207100428,Distance:183
20250207100429,Distance:183
20250207100430,Distance:183
20250207100431,Distance:183
20250207100432,Distance:184
20250207100433,Distance:184
20250207100435,Distance:184
20250207100436,Distance:7
20250207100437,Distance:18
20250207100438,Distance:8
20250207100439,Distance:4
20250207100440,Distance:13
20250207100441,Distance:6
20250207100442,Distance:3
20250207100443,Distance:13
20250207100444,Distance:183
20250207100445,Distance:184
20250207100446,Distance:183
20250207100447,Distance:4
20250207100448,Distance:183
20250207100449,Distance:183
20250207100450,Distance:210
20250207100451,Distance:183
20250207100452,Distance:184
20250207100453,Distance:184
20250207100454,Distance:183
20250207100455,Distance:188
20250207100456,Distance:205
20250207100457,Distance:205
20250207100458,Distance:205
20250207100459,Distance:205
20250207100500,Distance:205
20250207100501,Distance:205
20250207100502,Distance:205
20250207100503,Distance:205
20250207100504,Distance:205
20250207100505,Distance:205
20250207100506,Distance:205
20250207100507,Distance:205
20250207100508,Distance:205
20250207100509,Distance:205
20250207100510,Distance:205
20250207100511,Distance:205
20250207100512,Distance:205
20250207100513,Distance:205
20250207100514,Distance:205
20250207100515,Distance:205
20250207100516,Distance:205
20250207100517,Distance:205
20250207100518,Distance:205
20250207100519,Distance:205
20250207100520,Distance:204
20250207100521,Distance:205
20250207100522,Distance:205
20250207100523,Distance:205
20250207100524,Distance:205
20250207100525,Distance:205
20250207100526,Distance:205
20250207100527,Distance:205
20250207100528,Distance:205
20250207100529,Distance:205
20250207100530,Distance:205
20250207100531,Distance:204
20250207100532,Distance:205
20250207100533,Distance:205
20250207100534,Distance:205
20250207100535,Distance:205
20250207100536,Distance:205
20250207100537,Distance:205
20250207100538,Distance:205
20250207100539,Distance:205
20250207100540,Distance:205
20250207100541,Distance:205
20250207100542,Distance:205
20250207100543,Distance:205
20250207100544,Distance:205
20250207100545,Distance:205
20250207100546,Distance:205
20250207100547,Distance:205
20250207100548,Distance:205
20250207100549,Distance:205
20250207100550,Distance:205
20250207100552,Distance:205
20250207100553,Distance:205
20250207100554,Distance:205
20250207100555,Distance:205
20250207100556,Distance:205
20250207100557,Distance:205
20250207100558,Distance:205
20250207100559,Distance:205
20250207100600,Distance:205
20250207100601,Distance:205
20250207100602,Distance:205
20250207100603,Distance:205
20250207100604,Distance:205
20250207100605,Distance:205
20250207100606,Distance:205
20250207100607,Distance:205
20250207100608,Distance:205
20250207100609,Distance:205
20250207100610,Distance:205
20250207100611,Distance:205
20250207100612,Distance:205
20250207100613,Distance:205
20250207100614,Distance:205
20250207100615,Distance:205
20250207100616,Distance:204
20250207100617,Distance:205
20250207100618,Distance:205
20250207100619,Distance:205
20250207100620,Distance:205
20250207100621,Distance:205
20250207100622,Distance:205
20250207100623,Distance:205
20250207100624,Distance:205
20250207100625,Distance:205
20250207100626,Distance:205
20250207100627,Distance:205
20250207100628,Distance:205
20250207100629,Distance:205
20250207100630,Distance:205
20250207100631,Distance:205
20250207100632,Distance:205
20250207100633,Distance:205
20250207100634,Distance:205
20250207100635,Distance:205
20250207100636,Distance:205
20250207100637,Distance:205
20250207100638,Distance:205
20250207100639,Distance:205
20250207100640,Distance:205
20250207100641,Distance:205
20250207100642,Distance:205
20250207100643,Distance:205
20250207100644,Distance:205
20250207100645,Distance:204
20250207100646,Distance:205
20250207100647,Distance:205
20250207100648,Distance:205
20250207100649,Distance:205
20250207100650,Distance:205
20250207100651,Distance:205
20250207100652,Distance:205
20250207100653,Distance:205
20250207100654,Distance:205
20250207100655,Distance:205
20250207100656,Distance:205
20250207100657,Distance:205
20250207100658,Distance:205
20250207100659,Distance:205
20250207100700,Distance:205
20250207100702,Distance:205
20250207100703,Distance:205
20250207100704,Distance:205
20250207100705,Distance:205
20250207100706,Distance:205
20250207100707,Distance:205
20250207100708,Distance:205
20250207100709,Distance:205
20250207100710,Distance:205
20250207100711,Distance:205
20250207100712,Distance:205
20250207100713,Distance:205
20250207100714,Distance:205
20250207100715,Distance:205
20250207100716,Distance:205
20250207100717,Distance:205
20250207100718,Distance:205
20250207100719,Distance:205
20250207100720,Distance:205
20250207100721,Distance:205
20250207100722,Distance:205
20250207100723,Distance:205
20250207100724,Distance:205
20250207100725,Distance:205
20250207100726,Distance:205
20250207100727,Distance:205
20250207100728,Distance:205
20250207100729,Distance:205
20250207100730,Distance:205
20250207100731,Distance:205
20250207100732,Distance:205
20250207100733,Distance:205
20250207100734,Distance:205
20250207100735,Distance:205
20250207100736,Distance:205
20250207100737,Distance:205
20250207100738,Distance:205
20250207100739,Distance:205
20250207100740,Distance:205
20250207100741,Distance:205
20250207100742,Distance:205
20250207100743,Distance:205
20250207100744,Distance:205
20250207100745,Distance:205
20250207100746,Distance:205
20250207100747,Distance:205
20250207100748,Distance:205
20250207100749,Distance:205
20250207100750,Distance:205
20250207100751,Distance:205
20250207100752,Distance:205
20250207100753,Distance:205
20250207100754,Distance:205
20250207100755,Distance:205
20250207100756,Distance:205
20250207100757,Distance:205
20250207100758,Distance:205
20250207100759,Distance:205
20250207100800,Distance:205
20250207100801,Distance:205
20250207100802,Distance:205
20250207100803,Distance:205
20250207100804,Distance:205
20250207100805,Distance:205
20250207100806,Distance:205
20250207100807,Distance:205
20250207100808,Distance:205
20250207100809,Distance:205
20250207100811,Distance:205
20250207100812,Distance:205
20250207100813,Distance:205
20250207100814,Distance:205
20250207100815,Distance:205
20250207100816,Distance:205
20250207100817,Distance:205
20250207100818,Distance:205
20250207100819,Distance:205
20250207100820,Distance:205
20250207100821,Distance:205
20250207100822,Distance:205
20250207100823,Distance:205
20250207100824,Distance:205
20250207100825,Distance:205
20250207100826,Distance:205
20250207100827,Distance:205
20250207100828,Distance:205
20250207100829,Distance:204
20250207100830,Distance:205
20250207100831,Distance:205
20250207100832,Distance:205
20250207100833,Distance:205
20250207100834,Distance:205
20250207100835,Distance:205
20250207100836,Distance:205
20250207100837,Distance:205
20250207100838,Distance:205
20250207100839,Distance:205
20250207100840,Distance:205
20250207100841,Distance:205
20250207100842,Distance:204
20250207100843,Distance:205
20250207100844,Distance:205
20250207100845,Distance:205
20250207100846,Distance:205
20250207100847,Distance:205
20250207100848,Distance:205
20250207100849,Distance:205
20250207100850,Distance:205
20250207100851,Distance:205
20250207100852,Distance:205
20250207100853,Distance:205
20250207100854,Distance:205
20250207100855,Distance:204
20250207100856,Distance:205
20250207100857,Distance:205
20250207100858,Distance:205
20250207100859,Distance:205
20250207100900,Distance:205
20250207100901,Distance:205
20250207100902,Distance:205
20250207100903,Distance:205
20250207100904,Distance:205
20250207100905,Distance:205
20250207100906,Distance:205
20250207100907,Distance:205
20250207100908,Distance:205
20250207100909,Distance:205
20250207100910,Distance:205
20250207100911,Distance:205
20250207100912,Distance:205
20250207100913,Distance:205
20250207100914,Distance:205
20250207100915,Distance:205
20250207100916,Distance:205
20250207100917,Distance:205
20250207100918,Distance:205
20250207100920,Distance:205
20250207100921,Distance:205
20250207100922,Distance:205
20250207100923,Distance:205
20250207100924,Distance:205
20250207100925,Distance:205
20250207100926,Distance:205
20250207100927,Distance:205
20250207100928,Distance:205
20250207100929,Distance:205
20250207100930,Distance:205
20250207100931,Distance:205
20250207100932,Distance:205
20250207100933,Distance:205
20250207100934,Distance:205
20250207100935,Distance:205
20250207100936,Distance:205
20250207100937,Distance:205
20250207100938,Distance:205
20250207100939,Distance:205
20250207100940,Distance:205
20250207100941,Distance:205
20250207100942,Distance:205
20250207100943,Distance:205
20250207100944,Distance:205
20250207100945,Distance:205
20250207100946,Distance:205
20250207100947,Distance:205
20250207100948,Distance:205
20250207100949,Distance:205
20250207100950,Distance:205
20250207100951,Distance:205
20250207100952,Distance:205
20250207100953,Distance:205
20250207100954,Distance:205
20250207100955,Distance:205
20250207100956,Distance:205
20250207100957,Distance:205
20250207100958,Distance:205
20250207100959,Distance:205
20250207101000,Distance:205
20250207101001,Distance:205
20250207101002,Distance:205
20250207101003,Distance:205
20250207101004,Distance:205
20250207101005,Distance:205
20250207101006,Distance:205
20250207101007,Distance:205
20250207101008,Distance:205
20250207101009,Distance:205
20250207101010,Distance:205
20250207101011,Distance:205
20250207101012,Distance:205
20250207101013,Distance:205
20250207101014,Distance:205
20250207101015,Distance:205
20250207101016,Distance:205
20250207101017,Distance:205
20250207101018,Distance:205
20250207101019,Distance:205
20250207101020,Distance:205
20250207101021,Distance:204
20250207101022,Distance:205
20250207101024,Distance:205
20250207101025,Distance:205
20250207101026,Distance:205
20250207101026,Distance:205
20250207101027,Distance:205
20250207101029,Distance:204
20250207101030,Distance:205
20250207101031,Distance:205
20250207101032,Distance:205
20250207101033,Distance:205
20250207101034,Distance:205
20250207101035,Distance:205
20250207101036,Distance:205
20250207101037,Distance:205
20250207101038,Distance:205
20250207101039,Distance:205
20250207101040,Distance:205
20250207101041,Distance:205
20250207101042,Distance:205
20250207101043,Distance:205
20250207101044,Distance:205
20250207101045,Distance:205
20250207101046,Distance:205
20250207101047,Distance:205
20250207101048,Distance:205
20250207101049,Distance:205
20250207101050,Distance:205
20250207101051,Distance:205
20250207101052,Distance:205
20250207101053,Distance:205
20250207101054,Distance:205
20250207101055,Distance:205
20250207101056,Distance:205
20250207101057,Distance:205
20250207101058,Distance:205
20250207101059,Distance:205
20250207101100,Distance:205
20250207101101,Distance:205
20250207101102,Distance:204
20250207101103,Distance:205
20250207101104,Distance:205
20250207101105,Distance:205
20250207101106,Distance:205
20250207101107,Distance:205
20250207101108,Distance:205
20250207101109,Distance:205
20250207101110,Distance:205
20250207101111,Distance:205
20250207101112,Distance:205
20250207101113,Distance:205
20250207101114,Distance:205
20250207101115,Distance:205
20250207101116,Distance:205
20250207101117,Distance:205
20250207101118,Distance:205
20250207101119,Distance:205
20250207101120,Distance:205
20250207101121,Distance:205
20250207101122,Distance:205
20250207101123,Distance:205
20250207101124,Distance:205
20250207101125,Distance:205
20250207101126,Distance:205
20250207101127,Distance:204
20250207101128,Distance:205
20250207101129,Distance:205
20250207101130,Distance:205
20250207101131,Distance:205
20250207101132,Distance:205
20250207101133,Distance:205
20250207101134,Distance:205
20250207101135,Distance:205
20250207101136,Distance:205
20250207101138,Distance:205
20250207101139,Distance:205
20250207101140,Distance:205
20250207101141,Distance:205
20250207101142,Distance:205
20250207101143,Distance:205
20250207101144,Distance:205
20250207101145,Distance:205
20250207101146,Distance:205
20250207101147,Distance:205
20250207101148,Distance:205
20250207101149,Distance:205
20250207101150,Distance:205
20250207101151,Distance:205
20250207101152,Distance:205
20250207101153,Distance:205
20250207101154,Distance:205
20250207101155,Distance:205
20250207101156,Distance:205
20250207101157,Distance:205
20250207101158,Distance:205
20250207101159,Distance:205
20250207101200,Distance:205
20250207101201,Distance:205
20250207101202,Distance:205
20250207101203,Distance:205
20250207101204,Distance:205
20250207101205,Distance:205
20250207101206,Distance:205
20250207101207,Distance:205
20250207101208,Distance:205
20250207101209,Distance:205
20250207101210,Distance:205
20250207101211,Distance:205
20250207101212,Distance:205
20250207101213,Distance:205
20250207101214,Distance:205
20250207101215,Distance:205
20250207101216,Distance:205
20250207101217,Distance:205
20250207101218,Distance:205
20250207101219,Distance:205
20250207101220,Distance:205
20250207101221,Distance:205
20250207101222,Distance:205
20250207101223,Distance:205
20250207101224,Distance:205
20250207101225,Distance:205
20250207101226,Distance:205
20250207101227,Distance:205
20250207101228,Distance:205
20250207101229,Distance:205
20250207101230,Distance:205
20250207101231,Distance:205
20250207101232,Distance:205
20250207101233,Distance:205
20250207101234,Distance:205
20250207101235,Distance:205
20250207101236,Distance:205
20250207101237,Distance:205
20250207101238,Distance:205
20250207101239,Distance:205
20250207101240,Distance:205
20250207101241,Distance:205
20250207101242,Distance:205
20250207101243,Distance:205
20250207101244,Distance:204
20250207101245,Distance:205
20250207101247,Distance:205
20250207101248,Distance:205
20250207101249,Distance:204
20250207101250,Distance:205
20250207101251,Distance:205
20250207101252,Distance:205
20250207101253,Distance:205
20250207101254,Distance:205
20250207101255,Distance:205
20250207101256,Distance:205
20250207101257,Distance:205
20250207101258,Distance:205
20250207101259,Distance:205
20250207101300,Distance:205
20250207101301,Distance:205
20250207101302,Distance:205
20250207101303,Distance:205
20250207101304,Distance:205
20250207101305,Distance:205
20250207101306,Distance:205
20250207101307,Distance:205
20250207101308,Distance:205
20250207101309,Distance:204
20250207101310,Distance:205
20250207101311,Distance:205
20250207101312,Distance:205
20250207101313,Distance:205
20250207101314,Distance:205
20250207101315,Distance:205
20250207101316,Distance:205
20250207101317,Distance:205
20250207101318,Distance:205
20250207101319,Distance:205
20250207101320,Distance:205
20250207101321,Distance:205
20250207101322,Distance:205
20250207101323,Distance:205
20250207101324,Distance:205
20250207101325,Distance:205
20250207101326,Distance:205
20250207101327,Distance:205
20250207101328,Distance:205
20250207101329,Distance:205
20250207101330,Distance:205
20250207101331,Distance:205
20250207101332,Distance:205
20250207101333,Distance:205
20250207101334,Distance:205
20250207101335,Distance:205
20250207101336,Distance:205
20250207101337,Distance:205
20250207101338,Distance:205
20250207101339,Distance:205
20250207101340,Distance:204
20250207101341,Distance:205
20250207101342,Distance:205
20250207101343,Distance:205
20250207101344,Distance:205
20250207101345,Distance:205
20250207101346,Distance:205
20250207101347,Distance:205
20250207101348,Distance:205
20250207101349,Distance:205
20250207101350,Distance:205
20250207101351,Distance:205
20250207101352,Distance:205
20250207101353,Distance:205
20250207101354,Distance:205
20250207101355,Distance:205
20250207101357,Distance:205
20250207101358,Distance:205
20250207101359,Distance:205
20250207101400,Distance:205
20250207101401,Distance:205
20250207101402,Distance:205
20250207101403,Distance:205
20250207101404,Distance:205
20250207101405,Distance:205
20250207101406,Distance:205
20250207101407,Distance:205
20250207101408,Distance:205
20250207101409,Distance:205
20250207101410,Distance:205
20250207101411,Distance:205
20250207101412,Distance:205
20250207101413,Distance:205
20250207101414,Distance:205
20250207101415,Distance:205
20250207101416,Distance:205
20250207101417,Distance:204
20250207101418,Distance:205
20250207101419,Distance:205
20250207101420,Distance:205
20250207101421,Distance:205
20250207101422,Distance:205
20250207101423,Distance:205
20250207101424,Distance:205
20250207101425,Distance:205
20250207101426,Distance:205
20250207101427,Distance:205
20250207101428,Distance:205
20250207101429,Distance:205
20250207101430,Distance:205
20250207101431,Distance:205
20250207101432,Distance:205
20250207101433,Distance:205
20250207101434,Distance:205
20250207101435,Distance:205
20250207101436,Distance:205
20250207101437,Distance:205
20250207101438,Distance:205
20250207101439,Distance:205
20250207101440,Distance:205
20250207101441,Distance:205
20250207101442,Distance:205
20250207101443,Distance:205
20250207101444,Distance:205
20250207101445,Distance:205
20250207101446,Distance:205
20250207101447,Distance:205
20250207101448,Distance:205
20250207101449,Distance:205
20250207101450,Distance:205
20250207101451,Distance:205
20250207101452,Distance:205
20250207101453,Distance:205
20250207101454,Distance:205
20250207101455,Distance:205
20250207101456,Distance:205
20250207101457,Distance:205
20250207101458,Distance:205
20250207101459,Distance:205
20250207101500,Distance:204
20250207101501,Distance:205
20250207101502,Distance:205
20250207101503,Distance:205
20250207101504,Distance:205
20250207101506,Distance:205
20250207101507,Distance:205
20250207101508,Distance:205
20250207101509,Distance:205
20250207101510,Distance:205
20250207101511,Distance:205
20250207101512,Distance:205
20250207101513,Distance:205
20250207101514,Distance:205
20250207101515,Distance:205
20250207101516,Distance:205
20250207101517,Distance:205
20250207101518,Distance:205
20250207101519,Distance:205
20250207101520,Distance:205
20250207101521,Distance:205
20250207101522,Distance:205
20250207101523,Distance:205
20250207101524,Distance:205
20250207101525,Distance:205
20250207101526,Distance:205
20250207101527,Distance:205
20250207101528,Distance:205
20250207101529,Distance:205
20250207101530,Distance:205
20250207101531,Distance:205
20250207101532,Distance:205
20250207101533,Distance:205
20250207101534,Distance:205
20250207101535,Distance:205
20250207101536,Distance:205
20250207101537,Distance:205
20250207101538,Distance:205
20250207101539,Distance:204
20250207101540,Distance:205
20250207101541,Distance:205
20250207101542,Distance:205
20250207101543,Distance:205
20250207101544,Distance:205
20250207101545,Distance:205
20250207101546,Distance:205
20250207101547,Distance:205
20250207101548,Distance:205
20250207101549,Distance:205
20250207101550,Distance:205
20250207101551,Distance:205
20250207101552,Distance:205
20250207101553,Distance:205
20250207101554,Distance:205
20250207101555,Distance:205
20250207101556,Distance:205
20250207101557,Distance:205
20250207101558,Distance:205
20250207101559,Distance:205
20250207101600,Distance:205
20250207101601,Distance:205
20250207101602,Distance:205
20250207101603,Distance:205
20250207101604,Distance:205
20250207101605,Distance:205
20250207101606,Distance:205
20250207101607,Distance:205
20250207101608,Distance:205
20250207101609,Distance:205
20250207101610,Distance:205
20250207101611,Distance:205
20250207101612,Distance:205
20250207101613,Distance:205
20250207101615,Distance:205
20250207101616,Distance:205
20250207101617,Distance:205
20250207101618,Distance:205
20250207101619,Distance:205
20250207101620,Distance:205
20250207101621,Distance:205
20250207101622,Distance:205
20250207101623,Distance:205
20250207101624,Distance:205
20250207101625,Distance:205
20250207101626,Distance:205
20250207101627,Distance:205
20250207101628,Distance:205
20250207101629,Distance:205
20250207101630,Distance:205
20250207101631,Distance:205
20250207101632,Distance:205
20250207101633,Distance:205
20250207101634,Distance:205
20250207101635,Distance:204
20250207101636,Distance:205
20250207101637,Distance:205
20250207101638,Distance:205
20250207101639,Distance:205
20250207101640,Distance:204
20250207101641,Distance:205
20250207101642,Distance:205
20250207101643,Distance:205
20250207101644,Distance:205
20250207101645,Distance:205
20250207101646,Distance:205
20250207101647,Distance:205
20250207101648,Distance:205
20250207101649,Distance:205
20250207101650,Distance:205
20250207101651,Distance:205
20250207101652,Distance:205
20250207101653,Distance:204
20250207101654,Distance:205
20250207101655,Distance:205
20250207101656,Distance:205
20250207101657,Distance:205
20250207101658,Distance:205
20250207101659,Distance:204
20250207101700,Distance:204
20250207101701,Distance:204
20250207101702,Distance:205
20250207101703,Distance:205
20250207101704,Distance:205
20250207101705,Distance:205
20250207101706,Distance:205
20250207101707,Distance:205
20250207101708,Distance:205
20250207101709,Distance:205
20250207101710,Distance:205
20250207101711,Distance:205
20250207101712,Distance:205
20250207101713,Distance:205
20250207101714,Distance:205
20250207101715,Distance:205
20250207101716,Distance:205
20250207101717,Distance:205
20250207101718,Distance:205
20250207101719,Distance:205
20250207101720,Distance:205
20250207101721,Distance:205
20250207101722,Distance:205
20250207101724,Distance:205
20250207101725,Distance:205
20250207101726,Distance:205
20250207101727,Distance:205
20250207101728,Distance:205
20250207101729,Distance:205
20250207101730,Distance:205
20250207101731,Distance:205
20250207101732,Distance:205
20250207101733,Distance:205
20250207101734,Distance:205
20250207101735,Distance:205
20250207101736,Distance:205
20250207101737,Distance:205
20250207101738,Distance:205
20250207101739,Distance:205
20250207101740,Distance:204
20250207101741,Distance:205
20250207101742,Distance:205
20250207101743,Distance:205
20250207101744,Distance:205
20250207101745,Distance:205
20250207101746,Distance:205
20250207101747,Distance:205
20250207101748,Distance:205
20250207101749,Distance:205
20250207101750,Distance:205
20250207101751,Distance:205
20250207101752,Distance:205
20250207101753,Distance:205
20250207101754,Distance:205
20250207101755,Distance:204
20250207101756,Distance:205
20250207101757,Distance:205
20250207101758,Distance:205
20250207101759,Distance:205
20250207101800,Distance:205
20250207101801,Distance:204
20250207101802,Distance:205
20250207101803,Distance:205
20250207101804,Distance:205
20250207101805,Distance:204
20250207101806,Distance:205
20250207101807,Distance:205
20250207101808,Distance:205
20250207101809,Distance:205
20250207101810,Distance:205
20250207101811,Distance:205
20250207101812,Distance:205
20250207101813,Distance:205
20250207101814,Distance:205
20250207101815,Distance:205
20250207101816,Distance:205
20250207101817,Distance:205
20250207101818,Distance:205
20250207101819,Distance:204
20250207101820,Distance:205
20250207101821,Distance:205
20250207101822,Distance:204
20250207101823,Distance:205
20250207101824,Distance:205
20250207101825,Distance:205
20250207101826,Distance:205
20250207101827,Distance:205
20250207101828,Distance:205
20250207101829,Distance:205
20250207101830,Distance:205
20250207101831,Distance:205
20250207101833,Distance:204
20250207101834,Distance:205
20250207101835,Distance:205
20250207101836,Distance:205
20250207101837,Distance:205
20250207101838,Distance:205
20250207101839,Distance:205
20250207101840,Distance:205
20250207101841,Distance:205
20250207101842,Distance:205
20250207101843,Distance:205
20250207101844,Distance:205
20250207101845,Distance:205
20250207101846,Distance:205
20250207101847,Distance:205
20250207101848,Distance:205
20250207101849,Distance:205
20250207101850,Distance:205
20250207101851,Distance:205
20250207101852,Distance:205
20250207101853,Distance:205
20250207101854,Distance:205
20250207101855,Distance:205
20250207101856,Distance:205
20250207101857,Distance:205
20250207101858,Distance:205
20250207101859,Distance:205
20250207101900,Distance:205
20250207101901,Distance:205
20250207101902,Distance:205
20250207101903,Distance:205
20250207101904,Distance:205
20250207101905,Distance:205
20250207101906,Distance:205
20250207101907,Distance:205
20250207101908,Distance:205
20250207101909,Distance:205
20250207101910,Distance:205
20250207101911,Distance:205
20250207101912,Distance:204
20250207101913,Distance:205
20250207101914,Distance:205
20250207101915,Distance:205
20250207101916,Distance:205
20250207101917,Distance:205
20250207101918,Distance:205
20250207101919,Distance:205
20250207101920,Distance:205
20250207101921,Distance:205
20250207101922,Distance:205
20250207101923,Distance:205
20250207101924,Distance:205
20250207101925,Distance:205
20250207101926,Distance:205
20250207101927,Distance:205
20250207101928,Distance:205
20250207101929,Distance:205
20250207101930,Distance:205
20250207101931,Distance:205
20250207101932,Distance:205
20250207101933,Distance:205
20250207101934,Distance:205
20250207101935,Distance:205
20250207101936,Distance:205
20250207101937,Distance:205
20250207101938,Distance:205
20250207101939,Distance:205
20250207101940,Distance:205
20250207101942,Distance:205
20250207101943,Distance:205
20250207101944,Distance:205
20250207101945,Distance:205
20250207101946,Distance:205
20250207101947,Distance:205
20250207101948,Distance:205
20250207101949,Distance:205
20250207101950,Distance:205
20250207101951,Distance:205
20250207101952,Distance:205
20250207101953,Distance:205
20250207101954,Distance:205
20250207101955,Distance:205
20250207101956,Distance:205
20250207101957,Distance:205
20250207101958,Distance:204
20250207101959,Distance:205
20250207102000,Distance:205
20250207102001,Distance:205
20250207102002,Distance:205
20250207102003,Distance:205
20250207102004,Distance:205
20250207102005,Distance:205
20250207102006,Distance:205
20250207102007,Distance:205
20250207102008,Distance:205
20250207102009,Distance:205
20250207102010,Distance:205
20250207102011,Distance:205
20250207102012,Distance:205
20250207102013,Distance:205
20250207102014,Distance:205
20250207102015,Distance:205
20250207102016,Distance:205
20250207102017,Distance:205
20250207102018,Distance:205
20250207102019,Distance:205
20250207102020,Distance:205
20250207102021,Distance:205
20250207102022,Distance:205
20250207102023,Distance:205
20250207102024,Distance:205
20250207102025,Distance:205
20250207102026,Distance:205
20250207102027,Distance:205
20250207102028,Distance:205
20250207102029,Distance:205
20250207102030,Distance:205
20250207102031,Distance:205
20250207102032,Distance:205
20250207102033,Distance:205
20250207102034,Distance:205
20250207102035,Distance:205
20250207102036,Distance:205
20250207102037,Distance:205
20250207102038,Distance:205
20250207102039,Distance:205
20250207102040,Distance:205
20250207102041,Distance:205
20250207102042,Distance:205
20250207102043,Distance:205
20250207102044,Distance:205
20250207102045,Distance:205
20250207102046,Distance:205
20250207102047,Distance:205
20250207102048,Distance:205
20250207102049,Distance:205
20250207102051,Distance:205
20250207102052,Distance:205
20250207102053,Distance:205
20250207102054,Distance:205
20250207102055,Distance:205
20250207102056,Distance:205
20250207102057,Distance:205
20250207102058,Distance:204
20250207102059,Distance:205
20250207102100,Distance:205
20250207102101,Distance:205
20250207102102,Distance:205
20250207102103,Distance:205
20250207102104,Distance:205
20250207102105,Distance:205
20250207102106,Distance:205
20250207102107,Distance:205
20250207102108,Distance:205
20250207102109,Distance:205
20250207102110,Distance:205
20250207102111,Distance:205
20250207102112,Distance:205
20250207102113,Distance:205
20250207102114,Distance:204
20250207102115,Distance:205
20250207102116,Distance:205
20250207102117,Distance:205
20250207102118,Distance:205
20250207102119,Distance:205
20250207102120,Distance:205
20250207102121,Distance:205
20250207102122,Distance:205
20250207102123,Distance:205
20250207102124,Distance:205
20250207102125,Distance:205
20250207102126,Distance:205
20250207102127,Distance:205
20250207102128,Distance:205
20250207102129,Distance:205
20250207102130,Distance:205
20250207102131,Distance:205
20250207102132,Distance:205
20250207102133,Distance:205
20250207102134,Distance:205
20250207102135,Distance:205
20250207102136,Distance:205
20250207102137,Distance:205
20250207102138,Distance:205
20250207102139,Distance:205
20250207102140,Distance:205
20250207102141,Distance:205
20250207102142,Distance:205
20250207102143,Distance:205
20250207102144,Distance:205
20250207102145,Distance:205
20250207102146,Distance:205
20250207102147,Distance:204
20250207102148,Distance:205
20250207102149,Distance:205
20250207102150,Distance:205
20250207102151,Distance:205
20250207102152,Distance:205
20250207102153,Distance:205
20250207102154,Distance:205
20250207102155,Distance:205
20250207102156,Distance:205
20250207102157,Distance:205
20250207102158,Distance:205
20250207102200,Distance:205
20250207102201,Distance:204
20250207102202,Distance:205
20250207102203,Distance:205
20250207102204,Distance:205
20250207102205,Distance:205
20250207102206,Distance:205
20250207102207,Distance:205
20250207102208,Distance:205
20250207102209,Distance:205
20250207102210,Distance:205
20250207102211,Distance:204
20250207102212,Distance:205
20250207102213,Distance:205
20250207102214,Distance:205
20250207102215,Distance:205
20250207102216,Distance:205
20250207102217,Distance:205
20250207102218,Distance:205
20250207102219,Distance:205
20250207102220,Distance:205
20250207102221,Distance:205
20250207102222,Distance:205
20250207102223,Distance:205
20250207102224,Distance:205
20250207102225,Distance:205
20250207102226,Distance:205
20250207102227,Distance:205
20250207102228,Distance:205
20250207102229,Distance:205
20250207102230,Distance:204
20250207102231,Distance:205
20250207102232,Distance:205
20250207102233,Distance:205
20250207102234,Distance:205
20250207102235,Distance:205
20250207102236,Distance:205
20250207102237,Distance:205
20250207102238,Distance:205
20250207102239,Distance:205
20250207102240,Distance:205
20250207102241,Distance:205
20250207102242,Distance:205
20250207102243,Distance:205
20250207102244,Distance:205
20250207102245,Distance:205
20250207102246,Distance:205
20250207102247,Distance:205
20250207102248,Distance:205
20250207102249,Distance:205
20250207102250,Distance:205
20250207102251,Distance:205
20250207102252,Distance:205
20250207102253,Distance:205
20250207102254,Distance:205
20250207102255,Distance:205
20250207102256,Distance:205
20250207102257,Distance:205
20250207102258,Distance:205
20250207102259,Distance:205
20250207102300,Distance:205
20250207102301,Distance:205
20250207102302,Distance:205
20250207102303,Distance:205
20250207102304,Distance:205
20250207102305,Distance:205
20250207102306,Distance:205
20250207102307,Distance:205
20250207102308,Distance:205
20250207102310,Distance:205
20250207102311,Distance:205
20250207102312,Distance:205
20250207102313,Distance:205
20250207102314,Distance:204
20250207102315,Distance:205
20250207102316,Distance:205
20250207102317,Distance:205
20250207102318,Distance:205
20250207102319,Distance:205
20250207102320,Distance:205
20250207102321,Distance:205
20250207102322,Distance:205
20250207102323,Distance:205
20250207102324,Distance:205
20250207102325,Distance:205
20250207102326,Distance:205
20250207102327,Distance:205
20250207102328,Distance:205
20250207102329,Distance:205
20250207102330,Distance:204
20250207102331,Distance:205
20250207102332,Distance:205
20250207102333,Distance:205
20250207102334,Distance:205
20250207102335,Distance:205
20250207102336,Distance:205
20250207102337,Distance:205
20250207102338,Distance:205
20250207102339,Distance:205
20250207102340,Distance:205
20250207102341,Distance:205
20250207102342,Distance:205
20250207102343,Distance:205
20250207102344,Distance:205
20250207102345,Distance:205
20250207102346,Distance:205
20250207102347,Distance:205
20250207102348,Distance:205
20250207102349,Distance:205
20250207102350,Distance:205
20250207102351,Distance:205
20250207102352,Distance:205
20250207102353,Distance:205
20250207102354,Distance:205
20250207102355,Distance:205
20250207102356,Distance:205
20250207102357,Distance:205
20250207102358,Distance:205
20250207102359,Distance:205
20250207102400,Distance:205
20250207102401,Distance:205
20250207102402,Distance:205
20250207102403,Distance:205
20250207102404,Distance:205
20250207102405,Distance:205
20250207102406,Distance:205
20250207102407,Distance:205
20250207102408,Distance:205
20250207102409,Distance:205
20250207102410,Distance:205
20250207102411,Distance:205
20250207102412,Distance:205
20250207102413,Distance:205
20250207102414,Distance:205
20250207102415,Distance:205
20250207102416,Distance:205
20250207102417,Distance:205
20250207102419,Distance:204
20250207102420,Distance:205
20250207102421,Distance:205
20250207102422,Distance:205
20250207102423,Distance:204
20250207102424,Distance:205
20250207102425,Distance:205
20250207102426,Distance:205
20250207102427,Distance:205
20250207102428,Distance:205
20250207102429,Distance:205
20250207102430,Distance:205
20250207102431,Distance:205
20250207102432,Distance:205
20250207102433,Distance:205
20250207102434,Distance:205
20250207102435,Distance:205
20250207102436,Distance:205
20250207102437,Distance:205
20250207102438,Distance:205
20250207102439,Distance:205
20250207102440,Distance:205
20250207102441,Distance:205
20250207102442,Distance:205
20250207102443,Distance:205
20250207102444,Distance:205
20250207102445,Distance:205
20250207102446,Distance:205
20250207102447,Distance:205
20250207102448,Distance:205
20250207102449,Distance:205
20250207102450,Distance:205
20250207102451,Distance:205
20250207102452,Distance:205
20250207102453,Distance:205
20250207102454,Distance:205
20250207102455,Distance:206
20250207102456,Distance:207
20250207102457,Distance:207
20250207102458,Distance:206
20250207102459,Distance:206
20250207102500,Distance:206
20250207102501,Distance:206
20250207102502,Distance:207
20250207102503,Distance:206
20250207102504,Distance:206
20250207102505,Distance:206
20250207102506,Distance:206
20250207102507,Distance:206
20250207102508,Distance:206
20250207102509,Distance:206
20250207102510,Distance:206
20250207102511,Distance:206
20250207102512,Distance:207
20250207102513,Distance:207
20250207102514,Distance:206
20250207102515,Distance:206
20250207102516,Distance:206
20250207102517,Distance:206
20250207102518,Distance:206
20250207102519,Distance:207
20250207102520,Distance:206
20250207102521,Distance:205
20250207102522,Distance:207
20250207102523,Distance:206
20250207102524,Distance:206
20250207102525,Distance:207
20250207102526,Distance:206
20250207102528,Distance:206
20250207102529,Distance:206
20250207102530,Distance:207
20250207102531,Distance:206
20250207102532,Distance:206
20250207102533,Distance:207
20250207102534,Distance:206
20250207102535,Distance:206
20250207102536,Distance:206
20250207102537,Distance:206
20250207102538,Distance:206
20250207102539,Distance:206
20250207102540,Distance:206
20250207102541,Distance:207
20250207102542,Distance:207
20250207102543,Distance:207
20250207102544,Distance:206
20250207102545,Distance:206
20250207102546,Distance:206
20250207102547,Distance:206
20250207102548,Distance:207
20250207102549,Distance:206
20250207102550,Distance:206
20250207102551,Distance:206
20250207102552,Distance:206
20250207102553,Distance:206
20250207102554,Distance:206
20250207102555,Distance:206
20250207102556,Distance:206
20250207102557,Distance:206
20250207102558,Distance:206
20250207102559,Distance:206
20250207102600,Distance:206
20250207102601,Distance:206
20250207102602,Distance:206
20250207102603,Distance:206
20250207102604,Distance:207
20250207102605,Distance:206
20250207102606,Distance:206
20250207102607,Distance:206
20250207102608,Distance:206
20250207102609,Distance:206
20250207102610,Distance:206
20250207102611,Distance:206
20250207102612,Distance:207
20250207102613,Distance:206
20250207102614,Distance:206
20250207102615,Distance:207
20250207102616,Distance:206
20250207102617,Distance:206
20250207102618,Distance:206
20250207102619,Distance:206
20250207102620,Distance:206
20250207102621,Distance:206
20250207102622,Distance:206
20250207102623,Distance:207
20250207102624,Distance:206
20250207102625,Distance:206
20250207102626,Distance:206
20250207102627,Distance:207
20250207102628,Distance:206
20250207102629,Distance:207
20250207102630,Distance:206
20250207102631,Distance:206
20250207102632,Distance:206
20250207102633,Distance:207
20250207102634,Distance:206
20250207102636,Distance:206
20250207102637,Distance:206
20250207102638,Distance:206
20250207102639,Distance:206
20250207102640,Distance:206
20250207102641,Distance:206
20250207102642,Distance:206
20250207102643,Distance:206
20250207102644,Distance:206
20250207102645,Distance:206
20250207102646,Distance:206
20250207102647,Distance:206
20250207102648,Distance:206
20250207102649,Distance:206
20250207102650,Distance:206
20250207102651,Distance:207
20250207102652,Distance:206
20250207102653,Distance:207
20250207102654,Distance:206
20250207102655,Distance:206
20250207102656,Distance:206
20250207102657,Distance:206
20250207102658,Distance:206
20250207102659,Distance:206
20250207102700,Distance:206
20250207102701,Distance:207
20250207102702,Distance:206
20250207102703,Distance:207
20250207102704,Distance:207
20250207102705,Distance:207
20250207102706,Distance:206
20250207102707,Distance:206
20250207102708,Distance:207
20250207102709,Distance:206
20250207102710,Distance:207
20250207102711,Distance:206
20250207102712,Distance:206
20250207102713,Distance:206
20250207102714,Distance:207
20250207102715,Distance:207
20250207102716,Distance:207
20250207102717,Distance:207
20250207102718,Distance:206
20250207102719,Distance:206
20250207102720,Distance:206
20250207102721,Distance:206
20250207102722,Distance:206
20250207102723,Distance:206
20250207102724,Distance:207
20250207102725,Distance:206
20250207102726,Distance:206
20250207102727,Distance:206
20250207102728,Distance:206
20250207102729,Distance:206
20250207102730,Distance:206
20250207102731,Distance:207
20250207102732,Distance:206
20250207102733,Distance:206
20250207102734,Distance:207
20250207102735,Distance:206
20250207102736,Distance:206
20250207102737,Distance:206
20250207102738,Distance:206
20250207102739,Distance:207
20250207102740,Distance:206
20250207102741,Distance:207
20250207102742,Distance:207
20250207102743,Distance:207
20250207102745,Distance:206
20250207102746,Distance:206
20250207102747,Distance:206
20250207102748,Distance:207
20250207102749,Distance:207
20250207102750,Distance:206
20250207102751,Distance:206
20250207102752,Distance:206
20250207102753,Distance:206
20250207102754,Distance:206
20250207102755,Distance:206
20250207102756,Distance:207
20250207102757,Distance:206
20250207102758,Distance:207
20250207102759,Distance:206
20250207102800,Distance:206
20250207102801,Distance:207
20250207102802,Distance:206
20250207102803,Distance:207
20250207102804,Distance:207
20250207102805,Distance:206
20250207102806,Distance:206
20250207102807,Distance:206
20250207102808,Distance:206
20250207102809,Distance:206
20250207102810,Distance:206
20250207102811,Distance:206
20250207102812,Distance:206
20250207102813,Distance:206
20250207102814,Distance:206
20250207102815,Distance:207
20250207102816,Distance:206
20250207102817,Distance:206
20250207102818,Distance:206
20250207102819,Distance:206
20250207102820,Distance:207
20250207102821,Distance:206
20250207102822,Distance:207
20250207102823,Distance:206
20250207102824,Distance:207
20250207102825,Distance:206
20250207102826,Distance:206
20250207102827,Distance:206
20250207102828,Distance:206
20250207102829,Distance:207
20250207102830,Distance:207
20250207102831,Distance:206
20250207102832,Distance:207
20250207102833,Distance:206
20250207102834,Distance:206
20250207102835,Distance:206
20250207102836,Distance:207
20250207102837,Distance:206
20250207102838,Distance:206
20250207102839,Distance:206
20250207102840,Distance:206
20250207102841,Distance:206
20250207102842,Distance:206
20250207102843,Distance:207
20250207102844,Distance:207
20250207102845,Distance:206
20250207102846,Distance:207
20250207102847,Distance:206
20250207102848,Distance:206
20250207102849,Distance:206
20250207102850,Distance:207
20250207102851,Distance:206
20250207102853,Distance:207
20250207102854,Distance:207
20250207102855,Distance:207
20250207102856,Distance:206
20250207102857,Distance:206
20250207102858,Distance:206
20250207102859,Distance:206
20250207102900,Distance:206
20250207102901,Distance:207
20250207102902,Distance:206
20250207102903,Distance:206
20250207102904,Distance:207
20250207102905,Distance:206
20250207102906,Distance:207
20250207102907,Distance:206
20250207102908,Distance:206
20250207102909,Distance:206
20250207102910,Distance:206
20250207102911,Distance:207
20250207102912,Distance:206
20250207102913,Distance:205
20250207102914,Distance:207
20250207102915,Distance:207
20250207102916,Distance:206
20250207102917,Distance:206
20250207102918,Distance:206
20250207102919,Distance:206
20250207102920,Distance:206
20250207102921,Distance:207
20250207102922,Distance:207
20250207102923,Distance:207
20250207102924,Distance:206
20250207102925,Distance:206
20250207102926,Distance:207
20250207102927,Distance:207
20250207102928,Distance:206
20250207102929,Distance:206
20250207102930,Distance:206
20250207102931,Distance:206
20250207102932,Distance:206
20250207102933,Distance:206
20250207102934,Distance:207
20250207102935,Distance:207
20250207102936,Distance:207
20250207102937,Distance:206
20250207102938,Distance:207
20250207102939,Distance:206
20250207102940,Distance:206
20250207102941,Distance:206
20250207102942,Distance:206
20250207102943,Distance:206
20250207102944,Distance:206
20250207102945,Distance:206
20250207102946,Distance:207
20250207102947,Distance:207
20250207102948,Distance:206
20250207102949,Distance:206
20250207102950,Distance:206
20250207102951,Distance:207
20250207102952,Distance:206
20250207102953,Distance:207
20250207102954,Distance:207
20250207102955,Distance:206
20250207102956,Distance:207
20250207102957,Distance:205
20250207102958,Distance:206
20250207102959,Distance:206
20250207103000,Distance:206
20250207103002,Distance:206
20250207103003,Distance:207
20250207103004,Distance:206
20250207103005,Distance:206
20250207103006,Distance:207
20250207103007,Distance:207
20250207103008,Distance:206
20250207103009,Distance:206
20250207103010,Distance:207
20250207103011,Distance:206
20250207103012,Distance:206
20250207103013,Distance:206
20250207103014,Distance:206
20250207103015,Distance:207
20250207103016,Distance:206
20250207103017,Distance:207
20250207103018,Distance:206
20250207103019,Distance:206
20250207103020,Distance:206
20250207103021,Distance:207
20250207103022,Distance:206
20250207103023,Distance:206
20250207103024,Distance:206
20250207103025,Distance:206
20250207103026,Distance:206
20250207103027,Distance:206
20250207103028,Distance:206
20250207103029,Distance:207
20250207103030,Distance:207
20250207103031,Distance:206
20250207103032,Distance:207
20250207103033,Distance:206
20250207103034,Distance:206
20250207103035,Distance:206
20250207103036,Distance:207
20250207103037,Distance:206
20250207103038,Distance:206
20250207103039,Distance:206
20250207103040,Distance:206
20250207103041,Distance:206
20250207103042,Distance:207
20250207103043,Distance:206
20250207103044,Distance:206
20250207103045,Distance:206
20250207103046,Distance:206
20250207103047,Distance:206
20250207103048,Distance:206
20250207103049,Distance:206
20250207103050,Distance:206
20250207103051,Distance:206
20250207103052,Distance:206
20250207103053,Distance:206
20250207103054,Distance:206
20250207103055,Distance:206
20250207103056,Distance:207
20250207103057,Distance:206
20250207103058,Distance:206
20250207103059,Distance:207
20250207103100,Distance:206
20250207103101,Distance:206
20250207103102,Distance:206
20250207103103,Distance:206
20250207103104,Distance:206
20250207103105,Distance:206
20250207103106,Distance:206
20250207103107,Distance:206
20250207103108,Distance:206
20250207103110,Distance:206
20250207103111,Distance:206
20250207103112,Distance:206
20250207103113,Distance:207
20250207103114,Distance:206
20250207103115,Distance:206
20250207103116,Distance:205
20250207103117,Distance:206
20250207103118,Distance:206
20250207103119,Distance:206
20250207103120,Distance:206
20250207103121,Distance:207
20250207103122,Distance:206
20250207103123,Distance:206
20250207103124,Distance:207
20250207103125,Distance:206
20250207103126,Distance:206
20250207103127,Distance:206
20250207103128,Distance:207
20250207103129,Distance:206
20250207103130,Distance:207
20250207103131,Distance:206
20250207103132,Distance:206
20250207103133,Distance:206
20250207103134,Distance:206
20250207103135,Distance:206
20250207103136,Distance:206
20250207103137,Distance:206
20250207103138,Distance:207
20250207103139,Distance:206
20250207103140,Distance:206
20250207103141,Distance:206
20250207103142,Distance:206
20250207103143,Distance:206
20250207103144,Distance:207
20250207103145,Distance:206
20250207103146,Distance:206
20250207103147,Distance:206
20250207103148,Distance:206
20250207103149,Distance:207
20250207103150,Distance:207
20250207103151,Distance:207
20250207103152,Distance:206
20250207103153,Distance:207
20250207103154,Distance:206
20250207103155,Distance:206
20250207103156,Distance:206
20250207103157,Distance:206
20250207103158,Distance:206
20250207103159,Distance:206
20250207103200,Distance:206
20250207103201,Distance:206
20250207103202,Distance:206
20250207103203,Distance:207
20250207103204,Distance:206
20250207103205,Distance:206
20250207103206,Distance:206
20250207103207,Distance:206
20250207103208,Distance:206
20250207103209,Distance:206
20250207103210,Distance:206
20250207103211,Distance:206
20250207103212,Distance:206
20250207103213,Distance:206
20250207103214,Distance:207
20250207103215,Distance:207
20250207103216,Distance:206
20250207103217,Distance:206
20250207103219,Distance:207
20250207103220,Distance:206
20250207103221,Distance:207
20250207103222,Distance:206
20250207103223,Distance:207
20250207103224,Distance:206
20250207103225,Distance:206
20250207103226,Distance:207
20250207103227,Distance:207
20250207103228,Distance:207
20250207103229,Distance:207
20250207103230,Distance:206
20250207103231,Distance:206
20250207103232,Distance:206
20250207103233,Distance:206
20250207103234,Distance:206
20250207103235,Distance:206
20250207103236,Distance:206
20250207103237,Distance:206
20250207103238,Distance:207
20250207103239,Distance:206
20250207103240,Distance:206
20250207103241,Distance:206
20250207103242,Distance:206
20250207103243,Distance:207
20250207103244,Distance:206
20250207103245,Distance:206
20250207103246,Distance:206
20250207103247,Distance:206
20250207103248,Distance:207
20250207103249,Distance:206
20250207103250,Distance:206
20250207103251,Distance:206
20250207103252,Distance:206
20250207103253,Distance:206
20250207103254,Distance:206
20250207103255,Distance:206
20250207103256,Distance:207
20250207103257,Distance:206
20250207103258,Distance:206
20250207103259,Distance:206
20250207103300,Distance:206
20250207103301,Distance:206
20250207103302,Distance:206
20250207103303,Distance:206
20250207103304,Distance:206
20250207103305,Distance:206
20250207103306,Distance:206
20250207103307,Distance:206
20250207103308,Distance:206
20250207103309,Distance:206
20250207103310,Distance:207
20250207103311,Distance:206
20250207103312,Distance:206
20250207103313,Distance:207
20250207103314,Distance:206
20250207103315,Distance:206
20250207103316,Distance:207
20250207103317,Distance:205
20250207103318,Distance:207
20250207103319,Distance:206
20250207103320,Distance:206
20250207103321,Distance:206
20250207103322,Distance:206
20250207103323,Distance:206
20250207103324,Distance:206
20250207103325,Distance:207
20250207103327,Distance:207
20250207103328,Distance:206
20250207103329,Distance:206
20250207103330,Distance:206
20250207103331,Distance:206
20250207103332,Distance:207
20250207103333,Distance:206
20250207103334,Distance:206
20250207103335,Distance:206
20250207103336,Distance:206
20250207103337,Distance:206
20250207103338,Distance:206
20250207103339,Distance:207
20250207103340,Distance:206
20250207103341,Distance:207
20250207103342,Distance:206
20250207103343,Distance:206
20250207103344,Distance:206
20250207103345,Distance:206
20250207103346,Distance:206
20250207103347,Distance:206
20250207103348,Distance:206
20250207103349,Distance:207
20250207103350,Distance:206
20250207103351,Distance:206
20250207103352,Distance:206
20250207103353,Distance:206
20250207103354,Distance:206
20250207103355,Distance:206
20250207103356,Distance:206
20250207103357,Distance:206
20250207103358,Distance:206
20250207103359,Distance:206
20250207103400,Distance:206
20250207103401,Distance:206
20250207103402,Distance:206
20250207103403,Distance:206
20250207103404,Distance:206
20250207103405,Distance:206
20250207103406,Distance:206
20250207103407,Distance:206
20250207103408,Distance:206
20250207103409,Distance:205
20250207103410,Distance:206
20250207103411,Distance:206
20250207103412,Distance:206
20250207103413,Distance:206
20250207103414,Distance:206
20250207103415,Distance:207
20250207103416,Distance:206
20250207103417,Distance:206
20250207103418,Distance:206
20250207103419,Distance:206
20250207103420,Distance:206
20250207103421,Distance:206
20250207103422,Distance:206
20250207103423,Distance:206
20250207103424,Distance:206
20250207103425,Distance:206
20250207103426,Distance:207
20250207103427,Distance:206
20250207103428,Distance:206
20250207103429,Distance:207
20250207103430,Distance:206
20250207103431,Distance:206
20250207103432,Distance:206
20250207103433,Distance:206
20250207103434,Distance:207
20250207103436,Distance:207
20250207103437,Distance:207
20250207103438,Distance:207
20250207103439,Distance:206
20250207103440,Distance:206
20250207103441,Distance:207
20250207103442,Distance:206
20250207103443,Distance:206
20250207103444,Distance:206
20250207103445,Distance:206
20250207103446,Distance:207
20250207103447,Distance:207
20250207103448,Distance:206
20250207103449,Distance:206
20250207103450,Distance:206
20250207103451,Distance:206
20250207103452,Distance:206
20250207103453,Distance:206
20250207103454,Distance:206
20250207103455,Distance:207
20250207103456,Distance:206
20250207103457,Distance:206
20250207103458,Distance:206
20250207103459,Distance:206
20250207103500,Distance:206
20250207103501,Distance:206
20250207103502,Distance:206
20250207103503,Distance:206
20250207103504,Distance:206
20250207103505,Distance:206
20250207103506,Distance:207
20250207103507,Distance:206
20250207103508,Distance:206
20250207103509,Distance:207
20250207103510,Distance:206
20250207103511,Distance:206
20250207103512,Distance:206
20250207103513,Distance:206
20250207103514,Distance:206
20250207103515,Distance:207
20250207103516,Distance:207
20250207103517,Distance:206
20250207103518,Distance:206
20250207103519,Distance:206
20250207103520,Distance:206
20250207103521,Distance:206
20250207103522,Distance:206
20250207103523,Distance:206
20250207103524,Distance:207
20250207103525,Distance:206
20250207103526,Distance:206
20250207103527,Distance:206
20250207103528,Distance:206
20250207103529,Distance:206
20250207103530,Distance:206
20250207103531,Distance:207
20250207103532,Distance:206
20250207103533,Distance:206
20250207103534,Distance:206
20250207103535,Distance:206
20250207103536,Distance:206
20250207103537,Distance:206
20250207103538,Distance:206
20250207103539,Distance:206
20250207103540,Distance:206
20250207103541,Distance:206
20250207103542,Distance:206
20250207103544,Distance:207
20250207103545,Distance:206
20250207103546,Distance:206
20250207103547,Distance:206
20250207103548,Distance:207
20250207103549,Distance:207
20250207103550,Distance:206
20250207103551,Distance:206
20250207103552,Distance:206
20250207103553,Distance:206
20250207103554,Distance:206
20250207103555,Distance:206
20250207103556,Distance:206
20250207103557,Distance:206
20250207103558,Distance:206
20250207103559,Distance:206
20250207103600,Distance:206
20250207103601,Distance:206
20250207103602,Distance:206
20250207103603,Distance:206
20250207103604,Distance:206
20250207103605,Distance:207
20250207103606,Distance:206
20250207103607,Distance:206
20250207103608,Distance:206
20250207103609,Distance:206
20250207103610,Distance:207
20250207103611,Distance:206
20250207103612,Distance:206
20250207103613,Distance:206
20250207103614,Distance:206
20250207103615,Distance:207
20250207103616,Distance:206
20250207103617,Distance:207
20250207103618,Distance:206
20250207103619,Distance:206
20250207103620,Distance:206
20250207103621,Distance:206
20250207103622,Distance:207
20250207103623,Distance:206
20250207103624,Distance:207
20250207103625,Distance:206
20250207103626,Distance:206
20250207103627,Distance:207
20250207103628,Distance:207
20250207103629,Distance:207
20250207103630,Distance:206
20250207103631,Distance:206
20250207103632,Distance:207
20250207103633,Distance:206
20250207103634,Distance:206
20250207103635,Distance:207
20250207103636,Distance:206
20250207103637,Distance:206
20250207103638,Distance:207
20250207103639,Distance:207
20250207103640,Distance:207
20250207103641,Distance:207
20250207103642,Distance:206
20250207103643,Distance:206
20250207103644,Distance:206
20250207103645,Distance:206
20250207103646,Distance:206
20250207103647,Distance:207
20250207103648,Distance:206
20250207103649,Distance:206
20250207103650,Distance:206
20250207103651,Distance:206
20250207103653,Distance:207
20250207103654,Distance:206
20250207103655,Distance:207
20250207103656,Distance:207
20250207103657,Distance:207
20250207103658,Distance:206
20250207103659,Distance:207
20250207103700,Distance:206
20250207103701,Distance:206
20250207103702,Distance:206
20250207103703,Distance:206
20250207103704,Distance:206
20250207103705,Distance:206
20250207103706,Distance:206
20250207103707,Distance:206
20250207103708,Distance:206
20250207103709,Distance:207
20250207103710,Distance:206
20250207103711,Distance:207
20250207103712,Distance:206
20250207103713,Distance:207
20250207103714,Distance:207
20250207103715,Distance:207
20250207103716,Distance:207
20250207103717,Distance:207
20250207103718,Distance:207
20250207103719,Distance:206
20250207103720,Distance:207
20250207103721,Distance:207
20250207103722,Distance:207
20250207103723,Distance:206
20250207103724,Distance:206
20250207103725,Distance:207
20250207103726,Distance:207
20250207103727,Distance:206
20250207103728,Distance:207
20250207103729,Distance:206
20250207103730,Distance:206
20250207103731,Distance:207
20250207103732,Distance:206
20250207103733,Distance:206
20250207103734,Distance:206
20250207103735,Distance:207
20250207103736,Distance:206
20250207103737,Distance:207
20250207103738,Distance:206
20250207103739,Distance:207
20250207103740,Distance:207
20250207103741,Distance:206
20250207103742,Distance:206
20250207103743,Distance:206
20250207103744,Distance:206
20250207103745,Distance:207
20250207103746,Distance:206
20250207103747,Distance:207
20250207103748,Distance:206
20250207103749,Distance:207
20250207103750,Distance:206
20250207103751,Distance:207
20250207103752,Distance:206
20250207103753,Distance:206
20250207103754,Distance:206
20250207103755,Distance:207
20250207103756,Distance:207
20250207103757,Distance:207
20250207103758,Distance:207
20250207103759,Distance:207
20250207103800,Distance:206
20250207103802,Distance:207
20250207103803,Distance:206
20250207103804,Distance:206
20250207103805,Distance:206
20250207103806,Distance:207
20250207103807,Distance:206
20250207103808,Distance:206
20250207103809,Distance:206
20250207103810,Distance:206
20250207103811,Distance:206
20250207103812,Distance:206
20250207103813,Distance:206
20250207103814,Distance:206
20250207103815,Distance:206
20250207103816,Distance:207
20250207103817,Distance:207
20250207103818,Distance:206
20250207103819,Distance:206
20250207103820,Distance:206
20250207103821,Distance:207
20250207103822,Distance:206
20250207103823,Distance:207
20250207103824,Distance:206
20250207103825,Distance:206
20250207103826,Distance:206
20250207103827,Distance:206
20250207103828,Distance:206
20250207103829,Distance:206
20250207103830,Distance:206
20250207103831,Distance:206
20250207103832,Distance:206
20250207103833,Distance:207
20250207103834,Distance:206
20250207103835,Distance:206
20250207103836,Distance:206
20250207103837,Distance:207
20250207103838,Distance:206
20250207103839,Distance:206
20250207103840,Distance:207
20250207103841,Distance:207
20250207103842,Distance:206
20250207103843,Distance:206
20250207103844,Distance:206
20250207103845,Distance:206
20250207103846,Distance:206
20250207103847,Distance:207
20250207103848,Distance:206
20250207103849,Distance:206
20250207103850,Distance:205
20250207103851,Distance:206
20250207103852,Distance:207
20250207103853,Distance:206
20250207103854,Distance:207
20250207103855,Distance:207
20250207103856,Distance:207
20250207103857,Distance:206
20250207103858,Distance:207
20250207103859,Distance:207
20250207103900,Distance:207
20250207103901,Distance:206
20250207103902,Distance:207
20250207103903,Distance:207
20250207103904,Distance:207
20250207103905,Distance:206
20250207103906,Distance:207
20250207103907,Distance:206
20250207103908,Distance:206
20250207103910,Distance:206
20250207103911,Distance:206
20250207103912,Distance:206
20250207103913,Distance:206
20250207103914,Distance:206
20250207103915,Distance:206
20250207103916,Distance:206
20250207103917,Distance:206
20250207103918,Distance:206
20250207103919,Distance:206
20250207103920,Distance:206
20250207103921,Distance:206
20250207103922,Distance:207
20250207103923,Distance:206
20250207103924,Distance:206
20250207103925,Distance:206
20250207103926,Distance:207
20250207103927,Distance:206
20250207103928,Distance:206
20250207103929,Distance:206
20250207103930,Distance:207
20250207103931,Distance:207
20250207103932,Distance:207
20250207103933,Distance:206
20250207103934,Distance:207
20250207103935,Distance:207
20250207103936,Distance:206
20250207103937,Distance:206
20250207103938,Distance:207
20250207103939,Distance:206
20250207103940,Distance:206
20250207103941,Distance:206
20250207103942,Distance:207
20250207103943,Distance:207
20250207103944,Distance:207
20250207103945,Distance:207
20250207103946,Distance:206
20250207103947,Distance:206
20250207103948,Distance:207
20250207103949,Distance:207
20250207103950,Distance:207
20250207103951,Distance:206
20250207103952,Distance:207
20250207103953,Distance:206
20250207103954,Distance:207
20250207103955,Distance:207
20250207103956,Distance:206
20250207103957,Distance:206
20250207103958,Distance:206
20250207103959,Distance:206
20250207104000,Distance:206
20250207104001,Distance:206
20250207104002,Distance:206
20250207104003,Distance:207
20250207104004,Distance:207
20250207104005,Distance:206
20250207104006,Distance:206
20250207104007,Distance:207
20250207104008,Distance:206
20250207104009,Distance:207
20250207104010,Distance:206
20250207104011,Distance:206
20250207104012,Distance:206
20250207104013,Distance:206
20250207104014,Distance:206
20250207104015,Distance:206
20250207104016,Distance:207
20250207104017,Distance:207
20250207104019,Distance:206
20250207104020,Distance:207
20250207104021,Distance:207
20250207104022,Distance:207
20250207104023,Distance:206
20250207104024,Distance:207
20250207104025,Distance:207
20250207104026,Distance:206
20250207104027,Distance:206
20250207104028,Distance:210
20250207104029,Distance:231
20250207104030,Distance:207
20250207104031,Distance:206
20250207104032,Distance:206
20250207104033,Distance:235
20250207104034,Distance:206
20250207104035,Distance:206
20250207104036,Distance:207
20250207104037,Distance:207
20250207104038,Distance:206
20250207104039,Distance:206
20250207104040,Distance:208
20250207104041,Distance:161
20250207104042,Distance:208
